Date,Coal Electric Power Sector CO2 Emissions,"Distillate Fuel, Including Kerosene-Type Jet Fuel, Oil Electric Power Sector CO2 Emissions",Geothermal Energy Electric Power Sector CO2 Emissions,Natural Gas Electric Power Sector CO2 Emissions,Non-Biomass Waste Electric Power Sector CO2 Emissions,Petroleum Coke Electric Power Sector CO2 Emissions,Petroleum Electric Power Sector CO2 Emissions,Residual Fuel Oil Electric Power Sector CO2 Emissions,Total Energy Electric Power Sector CO2 Emissions
1973-01-01,72.076,2.375,,12.175,,0.128,27.369,24.867,111.621
1973-02-01,64.442,2.061,,11.708,,0.106,23.034,20.867,99.185
1973-03-01,64.084,1.171,,13.994,,0.083,21.034,19.78,99.112
1973-04-01,60.842,1.022,,14.627,,0.13,17.714,16.562,93.183
1973-05-01,61.798,0.949,,17.344,,0.167,18.87,17.754,98.012
1973-06-01,66.538,1.787,,20.265,,0.171,22.856,20.899,109.66
1973-07-01,72.626,1.965,,23.067,,0.15,25.242,23.127,120.935
1973-08-01,75.181,2.536,,22.85,,0.166,27.158,24.456,125.189
1973-09-01,68.397,1.432,,19.297,,0.116,23.758,22.21,111.452
1973-10-01,67.668,1.473,,17.897,,0.102,23.726,22.151,109.291
1973-11-01,67.021,1.537,,13.766,,0.087,22.837,21.213,103.624
1973-12-01,71.118,1.606,,11.866,,0.152,22.104,20.346,105.089
1974-01-01,70.55,1.835,,11.959,,0.183,23.021,21.003,105.53
1974-02-01,62.929,1.837,,11.021,,0.148,19.977,17.992,93.928
1974-03-01,64.519,1.868,,13.86,,0.156,19.478,17.454,97.857
1974-04-01,60.544,1.669,,14.105,,0.11,17.644,15.865,92.293
1974-05-01,64.687,1.927,,16.676,,0.093,19.993,17.973,101.357
1974-06-01,64.736,1.68,,18.859,,0.08,20.224,18.464,103.819
1974-07-01,73.698,2.544,,21.984,,0.096,24.52,21.88,120.201
1974-08-01,72.559,2.029,,20.748,,0.098,24.021,21.894,117.328
1974-09-01,63.221,1.622,,17.027,,0.093,21.909,20.194,102.157
1974-10-01,65.418,1.65,,16.236,,0.296,22.446,20.5,104.099
1974-11-01,65.593,1.926,,12.999,,0.303,24.04,21.811,102.631
1974-12-01,71.677,1.939,,11.244,,0.266,26.522,24.318,109.443
1975-01-01,72.708,2.243,,11.165,,0.034,26.436,24.159,110.308
1975-02-01,65.117,1.579,,10.285,,0.025,21.33,19.726,96.731
1975-03-01,66.532,1.266,,11.496,,0.013,19.822,18.542,97.85
1975-04-01,61.975,0.985,,11.663,,0.013,18.196,17.197,91.834
1975-05-01,62.031,1.385,,14.975,,0.009,18.1,16.706,95.107
1975-06-01,67.875,1.746,,16.761,,0.019,20.01,18.245,104.646
1975-07-01,74.184,1.648,,19.711,,0.022,21.746,20.077,115.641
1975-08-01,77.029,2.002,,19.608,,0.014,24.11,22.093,120.746
1975-09-01,66.156,0.803,,17.195,,0.017,18.232,17.412,101.583
1975-10-01,66.651,0.797,,14.988,,0.016,18.722,17.908,100.361
1975-11-01,67.625,0.754,,12.398,,0.017,18.486,17.715,98.508
1975-12-01,75.857,1.299,,11.647,,0.018,22.995,21.678,110.499
1976-01-01,81.264,2.092,,11.21,,0.017,27.451,25.343,119.925
1976-02-01,71.058,1.132,,10.825,,0.017,21.19,20.042,103.073
1976-03-01,73.361,1.183,,12.091,,0.018,21.591,20.389,107.043
1976-04-01,68.703,1.046,,12.366,,0.013,19.728,18.669,100.797
1976-05-01,68.985,0.942,,14.472,,0.014,18.618,17.662,102.075
1976-06-01,73.936,1.496,,17.009,,0.015,21.376,19.864,112.321
1976-07-01,80.968,1.682,,18.326,,0.018,23.131,21.432,122.425
1976-08-01,81.962,1.429,,17.897,,0.016,24.087,22.642,123.946
1976-09-01,72.95,1.045,,16.015,,0.015,20.036,18.976,109.001
1976-10-01,74.746,1.31,,13.567,,0.023,20.713,19.38,109.026
1976-11-01,78.924,2.069,,11.793,,0.023,25.59,23.498,116.306
1976-12-01,84.49,2.312,,11.651,,0.02,29.108,26.775,125.248
1977-01-01,87.215,4.038,,11.196,,0.014,36.935,32.884,135.347
1977-02-01,75.943,1.335,,10.942,,0.016,24.961,23.61,111.845
1977-03-01,75.092,1.049,,12.657,,0.028,23.95,22.873,111.699
1977-04-01,68.641,0.939,,12.179,,0.036,21.89,20.914,102.71
1977-05-01,74.916,1.624,,14.184,,0.024,23.831,22.183,112.931
1977-06-01,80.942,1.825,,16.961,,0.029,24.765,22.911,122.668
1977-07-01,90.667,3.273,,18.925,,0.036,30.39,27.08,139.982
1977-08-01,89.046,1.963,,19.148,,0.034,27.733,25.736,135.926
1977-09-01,80.975,1.061,,17.719,,0.025,22.535,21.449,121.229
1977-10-01,77.369,0.799,,15.548,,0.018,19.678,18.86,112.595
1977-11-01,78.058,1.045,,12.776,,0.02,21.205,20.14,112.038
1977-12-01,83.279,1.719,,11.991,,0.02,27.887,26.147,123.157
1978-01-01,85.191,3.502,,12.573,,0.03,33.886,30.353,131.65
1978-02-01,71.476,3.267,,11.585,,0.169,32.98,29.543,116.041
1978-03-01,67.829,2.321,,12.739,,0.198,31.611,29.092,112.178
1978-04-01,69.051,0.912,,12.244,,0.12,21.282,20.25,102.578
1978-05-01,74.201,0.973,,14.308,,0.085,20.994,19.937,109.503
1978-06-01,81.372,1.513,,17.633,,0.095,22.776,21.167,121.781
1978-07-01,88.003,1.516,,19.87,,0.098,25.168,23.554,133.041
1978-08-01,91.836,1.514,,18.669,,0.094,27.684,26.076,138.189
1978-09-01,85.066,1.397,,16.293,,0.087,22.843,21.359,124.201
1978-10-01,79.494,0.776,,14.422,,0.075,21.783,20.932,115.699
1978-11-01,79.291,0.917,,12.51,,0.082,23.052,22.053,114.853
1978-12-01,87.107,1.543,,12.07,,0.091,28.767,27.133,127.944
1979-01-01,93.946,2.649,,12.547,,0.103,33.578,30.826,140.07
1979-02-01,83.91,2.104,,12.46,,0.099,27.792,25.59,124.162
1979-03-01,83.689,0.791,,14.297,,0.067,18.876,18.018,116.862
1979-04-01,78.077,0.715,,14.331,,0.046,17.505,16.744,109.913
1979-05-01,83.19,0.873,,15.229,,0.072,18.425,17.48,116.843
1979-06-01,88.15,0.982,,17.583,,0.077,20.507,19.448,126.24
1979-07-01,96.579,1.019,,20.281,,0.072,21.845,20.755,138.705
1979-08-01,97.246,1.021,,20.613,,0.072,22.136,21.044,139.994
1979-09-01,84.463,0.737,,18.578,,0.053,19.005,18.215,122.045
1979-10-01,86.071,0.479,,17.742,,0.049,17.096,16.569,120.909
1979-11-01,86.09,0.83,,14.331,,0.056,19.623,18.737,120.045
1979-12-01,94.293,0.81,,13.687,,0.06,21.479,20.609,129.459
1980-01-01,100.568,1.361,,15.072,,0.168,21.19,19.662,136.831
1980-02-01,94.862,1.176,,14.368,,0.066,20.751,19.509,129.981
1980-03-01,93.21,0.935,,15.461,,0.04,17.12,16.145,125.79
1980-04-01,81.245,0.579,,13.97,,0.022,13.57,12.968,108.785
1980-05-01,82.785,0.647,,15.341,,0.034,13.714,13.032,111.839
1980-06-01,91.484,0.83,,18.337,,0.034,15.102,14.237,124.923
1980-07-01,107.126,1.623,,22.885,,0.033,19.619,17.963,149.631
1980-08-01,106.245,1.704,,22.067,,0.047,20.99,19.239,149.303
1980-09-01,95.662,0.915,,19.453,,0.035,15.07,14.121,130.186
1980-10-01,90.03,0.606,,16.401,,0.025,13.278,12.647,119.708
1980-11-01,91.239,0.975,,13.912,,0.021,16.746,15.75,121.897
1980-12-01,102.138,0.984,,13.179,,0.027,19.518,18.506,134.835
1981-01-01,108.164,1.293,,12.598,,0.032,21.579,20.254,142.342
1981-02-01,94.766,0.954,,12.182,,0.026,14.73,13.75,121.677
1981-03-01,95.724,0.598,,14.87,,0.028,14.428,13.803,125.022
1981-04-01,86.386,0.577,,15.71,,0.022,12.602,12.003,114.698
1981-05-01,89.002,0.763,,17.196,,0.044,12.265,11.459,118.463
1981-06-01,99.05,1.151,,20.699,,0.041,15.905,14.713,135.654
1981-07-01,111.044,1.113,,22.324,,0.034,16.815,15.668,150.184
1981-08-01,107.758,0.606,,21.177,,0.041,13.408,12.761,142.343
1981-09-01,95.891,0.487,,17.651,,0.04,12.98,12.453,126.522
1981-10-01,94.541,0.478,,16.399,,0.046,13.444,12.919,124.385
1981-11-01,92.986,0.485,,14.069,,0.036,11.441,10.919,118.495
1981-12-01,105.056,0.561,,13.019,,0.037,13.276,12.678,131.351
1982-01-01,113.136,1.331,,12.952,,0.031,17.348,15.986,143.436
1982-02-01,97.313,0.604,,11.988,,0.029,12.697,12.064,121.997
1982-03-01,95.335,0.555,,13.431,,0.013,11.277,10.709,120.043
1982-04-01,86.587,0.482,,13.42,,0.033,9.389,8.874,109.395
1982-05-01,90.83,0.422,,14.046,,0.037,8.356,7.896,113.232
1982-06-01,94.419,0.448,,16.098,,0.041,8.682,8.193,119.198
1982-07-01,109.995,0.579,,19.221,,0.034,11.289,10.676,140.505
1982-08-01,109.179,0.448,,19.688,,0.039,9.836,9.35,138.703
1982-09-01,96.39,0.392,,15.975,,0.029,8.616,8.196,120.982
1982-10-01,92.24,0.369,,14.866,,0.051,8.341,7.921,115.448
1982-11-01,95.165,0.429,,12.335,,0.056,7.87,7.386,115.37
1982-12-01,101.367,0.466,,11.694,,0.067,9.421,8.888,122.481
1983-01-01,105.965,0.473,,11.3,,0.051,10.793,10.268,128.058
1983-02-01,90.912,0.419,,9.604,,0.057,10.535,10.059,111.051
1983-03-01,93.568,0.403,,11.284,,0.051,10.448,9.994,115.299
1983-04-01,86.575,0.449,,11.012,,0.074,8.635,8.112,106.222
1983-05-01,90.75,0.399,,11.833,,0.091,7.605,7.114,110.188
1983-06-01,99.98,0.435,,13.424,,0.07,9.368,8.864,122.772
1983-07-01,119.945,0.61,,17.026,,0.077,12.271,11.584,149.242
1983-08-01,126.652,0.657,,19.05,,0.073,12.433,11.702,158.134
1983-09-01,107.675,0.642,,16.144,,0.076,9.646,8.928,133.465
1983-10-01,100.677,0.371,,13.591,,0.067,8.361,7.923,122.629
1983-11-01,101.663,0.458,,11.578,,0.052,7.788,7.278,121.029
1983-12-01,117.417,1.719,,11.801,,0.064,13.395,11.612,142.614
1984-01-01,119.436,0.927,,11.738,,0.073,13.258,12.259,144.431
1984-02-01,103.635,0.434,,10.227,,0.064,8.469,7.971,122.331
1984-03-01,108.149,0.433,,11.255,,0.056,9.047,8.558,128.451
1984-04-01,94.329,0.354,,12.015,,0.068,6.352,5.93,112.697
1984-05-01,98.181,0.43,,14.442,,0.071,7.103,6.602,119.727
1984-06-01,112.983,0.821,,16.231,,0.071,9.493,8.601,138.707
1984-07-01,119.701,0.536,,19.025,,0.068,8.755,8.151,147.482
1984-08-01,125.724,0.649,,19.063,,0.061,10.785,10.075,155.571
1984-09-01,107.179,0.424,,15.825,,0.066,6.552,6.061,129.556
1984-10-01,108.583,0.411,,14.694,,0.06,6.639,6.167,129.916
1984-11-01,107.546,0.565,,13.317,,0.054,7.823,7.205,128.686
1984-12-01,112.167,0.488,,11.83,,0.062,6.742,6.192,130.739
1985-01-01,125.429,1.057,,12.381,,0.055,10.314,9.202,148.124
1985-02-01,109.359,0.568,,11.106,,0.051,7.916,7.297,128.382
1985-03-01,107.966,0.417,,11.36,,0.051,6.077,5.609,125.403
1985-04-01,100.317,0.388,,12.773,,0.049,5.173,4.736,118.263
1985-05-01,107.595,0.41,,12.873,,0.041,5.923,5.472,126.391
1985-06-01,113.584,0.474,,15.369,,0.066,6.486,5.947,135.44
1985-07-01,126.626,0.473,,18.316,,0.06,7.091,6.558,152.033
1985-08-01,124.309,0.57,,19.303,,0.058,8.421,7.792,152.032
1985-09-01,111.9,0.417,,14.994,,0.074,6.433,5.942,133.327
1985-10-01,108.331,0.413,,13.588,,0.072,6.459,5.974,128.379
1985-11-01,107.034,0.435,,12.57,,0.072,5.919,5.412,125.524
1985-12-01,124.95,0.614,,11.505,,0.062,9.392,8.717,145.847
1986-01-01,126.887,0.719,,10.037,,0.047,9.314,8.547,146.238
1986-02-01,109.086,0.469,,8.565,,0.046,7.934,7.42,125.584
1986-03-01,106.803,0.395,,9.247,,0.071,8.437,7.971,124.488
1986-04-01,95.341,0.38,,10.802,,0.071,7.654,7.202,113.796
1986-05-01,101.892,0.515,,12.581,,0.077,8.709,8.118,123.183
1986-06-01,116.698,0.592,,14.153,,0.075,9.67,9.003,140.521
1986-07-01,134.789,0.736,,16.366,,0.081,13.618,12.801,164.772
1986-08-01,122.28,0.49,,15.016,,0.097,12.79,12.203,150.086
1986-09-01,112.03,0.472,,13.406,,0.096,9.04,8.472,134.476
1986-10-01,107.235,0.37,,11.775,,0.08,8.235,7.785,127.245
1986-11-01,107.317,0.458,,10.149,,0.105,8.814,8.251,126.28
1986-12-01,117.127,0.507,,9.519,,0.116,9.933,9.31,136.58
1987-01-01,124.043,0.561,,10.061,,0.086,10.094,9.446,144.198
1987-02-01,106.754,0.489,,8.628,,0.088,8.756,8.179,124.139
1987-03-01,108.607,0.523,,10.397,,0.085,8.406,7.798,127.409
1987-04-01,102.222,0.44,,11.237,,0.071,6.603,6.092,120.062
1987-05-01,112.257,0.504,,13.2,,0.095,6.752,6.153,132.209
1987-06-01,126.2,0.599,,15.419,,0.08,8.795,8.116,150.415
1987-07-01,140.582,0.884,,17.342,,0.087,10.479,9.508,168.404
1987-08-01,139.268,0.702,,18.4,,0.096,9.452,8.655,167.12
1987-09-01,117.773,0.394,,14.572,,0.095,6.441,5.952,138.786
1987-10-01,113.515,0.38,,12.95,,0.109,5.709,5.22,132.175
1987-11-01,111.217,0.557,,11.79,,0.084,8.07,7.428,131.077
1987-12-01,124.314,0.514,,10.664,,0.094,9.218,8.61,144.196
1988-01-01,133.468,0.98,,9.088,,0.074,13.341,12.287,155.897
1988-02-01,120.783,0.484,,9.202,,0.083,9.673,9.106,139.659
1988-03-01,115.584,0.445,,11.065,,0.11,7.992,7.438,134.642
1988-04-01,106.49,0.343,,10.811,,0.101,6.207,5.763,123.508
1988-05-01,111.2,0.425,,13.006,,0.101,5.987,5.461,130.193
1988-06-01,128.537,0.791,,15.197,,0.129,8.244,7.324,151.977
1988-07-01,141.139,0.828,,17.776,,0.143,11.69,10.719,170.606
1988-08-01,148.031,1.367,,18.655,,0.125,13.429,11.938,180.115
1988-09-01,121.057,0.428,,12.613,,0.095,8.248,7.725,141.918
1988-10-01,117.165,0.469,,9.838,,0.092,10.855,10.294,137.857
1988-11-01,116.659,0.512,,8.15,,0.095,12.099,11.492,136.908
1988-12-01,131.695,0.926,,7.448,,0.111,15.097,14.061,154.24
1989-01-01,132.233,0.898,0.031,8.89,0.371,0.145,12.754,11.711,154.279
1989-02-01,124.345,1.061,0.028,10.42,0.335,0.1,14.688,13.526,149.815
1989-03-01,122.803,1.176,0.031,12.758,0.371,0.107,13.849,12.565,149.811
1989-04-01,111.194,0.457,0.03,14.187,0.359,0.116,9.644,9.071,135.413
1989-05-01,115.915,0.665,0.031,15.128,0.371,0.109,8.498,7.723,139.943
1989-06-01,126.031,0.905,0.03,15.696,0.359,0.117,10.648,9.625,152.763
1989-07-01,138.083,0.953,0.031,19.29,0.371,0.179,10.452,9.32,168.227
1989-08-01,139.614,0.669,0.031,18.679,0.371,0.177,9.411,8.565,168.106
1989-09-01,124.594,0.667,0.03,16.154,0.359,0.165,8.652,7.82,149.789
1989-10-01,119.943,0.516,0.031,15.327,0.371,0.121,7.04,6.403,142.713
1989-11-01,120.824,0.649,0.03,11.41,0.359,0.101,9.63,8.88,142.253
1989-12-01,143.264,2.528,0.031,10.349,0.371,0.152,18.435,15.755,172.45
1990-01-01,132.923,0.589,0.033,9.182,0.492,0.153,9.988,9.246,152.617
1990-02-01,116.26,0.464,0.029,8.295,0.445,0.236,8.165,7.465,133.194
1990-03-01,121.806,0.436,0.033,11.59,0.492,0.236,8.793,8.122,142.714
1990-04-01,115.909,0.493,0.032,12.53,0.476,0.231,8.752,8.028,137.7
1990-05-01,118.556,0.546,0.033,15.351,0.492,0.29,8.208,7.372,142.64
1990-06-01,130.719,0.74,0.032,18.698,0.476,0.251,11.414,10.422,161.339
1990-07-01,143.146,0.769,0.033,20.507,0.492,0.281,11.18,10.13,175.357
1990-08-01,146.257,0.771,0.033,21.59,0.492,0.273,9.493,8.449,177.864
1990-09-01,134.042,0.628,0.032,18.936,0.476,0.297,7.009,6.084,160.495
1990-10-01,128.8,0.565,0.033,16.165,0.492,0.326,6.336,5.445,151.825
1990-11-01,122.119,0.433,0.032,11.632,0.476,0.231,5.452,4.788,139.711
1990-12-01,137.027,0.625,0.033,11.017,0.492,0.296,6.976,6.055,155.545
1991-01-01,143.148,0.529,0.034,11.135,0.612,0.306,7.962,7.127,162.891
1991-02-01,117.505,0.358,0.031,9.406,0.553,0.236,7.387,6.793,134.881
1991-03-01,118.823,0.369,0.034,12.394,0.612,0.302,7.422,6.751,139.285
1991-04-01,111.147,0.454,0.033,13.853,0.592,0.3,6.82,6.067,132.445
1991-05-01,122.745,0.809,0.034,16.015,0.612,0.273,9.232,8.15,148.637
1991-06-01,131.945,0.5,0.033,16.708,0.592,0.208,9.365,8.656,158.642
1991-07-01,144.042,0.543,0.034,21.173,0.612,0.255,9.436,8.639,175.298
1991-08-01,144.107,0.615,0.034,21.028,0.612,0.233,9.862,9.014,175.643
1991-09-01,129.099,0.519,0.033,16.879,0.592,0.214,7.333,6.6,153.936
1991-10-01,124.058,0.402,0.034,16.907,0.612,0.207,5.501,4.892,147.112
1991-11-01,127.928,0.511,0.033,12.719,0.592,0.217,6.733,6.006,148.006
1991-12-01,133.633,0.51,0.034,10.925,0.612,0.243,7.576,6.823,152.78
1992-01-01,137.39,0.513,0.034,11.401,0.718,0.327,8.843,8.003,158.386
1992-02-01,121.125,0.375,0.032,11.481,0.672,0.351,7.17,6.443,140.479
1992-03-01,126.201,0.393,0.034,13.993,0.718,0.383,7.605,6.829,148.551
1992-04-01,118.33,0.377,0.033,15.434,0.695,0.302,5.705,5.025,140.197
1992-05-01,121.946,0.392,0.034,15.916,0.718,0.23,4.626,4.003,143.24
1992-06-01,129.054,0.501,0.033,17.908,0.695,0.302,6.559,5.756,154.249
1992-07-01,148.563,0.665,0.034,22.47,0.718,0.333,7.547,6.549,179.331
1992-08-01,142.166,0.471,0.034,20.368,0.718,0.531,6.371,5.369,169.657
1992-09-01,132.766,0.395,0.033,18.422,0.695,0.449,6.137,5.292,158.052
1992-10-01,126.405,0.369,0.034,14.309,0.718,0.476,6.136,5.291,147.602
1992-11-01,126.014,0.467,0.033,12.745,0.695,0.426,6.121,5.228,145.608
1992-12-01,139.605,0.46,0.034,11.833,0.718,0.485,5.88,4.934,158.07
1993-01-01,139.269,0.487,0.035,11.506,0.73,0.608,6.562,5.467,158.102
1993-02-01,128.056,0.449,0.032,11.339,0.659,0.532,6.329,5.348,146.415
1993-03-01,134.599,0.614,0.035,13.567,0.73,0.569,7.652,6.469,156.583
1993-04-01,119.596,0.393,0.034,12.165,0.706,0.517,4.771,3.86,137.272
1993-05-01,120.469,0.417,0.035,11.674,0.73,0.565,4.889,3.907,137.797
1993-06-01,136.697,0.496,0.034,17.813,0.706,0.643,7.088,5.949,162.339
1993-07-01,157.967,0.873,0.035,23.371,0.73,0.823,10.246,8.549,192.348
1993-08-01,156.392,0.752,0.035,24.98,0.73,0.736,10.619,9.13,192.755
1993-09-01,133.435,0.495,0.034,18.068,0.706,0.846,8.795,7.453,161.038
1993-10-01,130.321,0.431,0.035,16.399,0.73,0.734,6.892,5.727,154.377
1993-11-01,131.799,0.426,0.034,14.571,0.706,0.666,6.829,5.737,153.94
1993-12-01,143.919,0.493,0.035,12.21,0.73,0.791,9.225,7.941,166.119
1994-01-01,153.119,1.992,0.033,12.013,0.792,0.91,13.449,10.547,179.406
1994-02-01,131.25,0.75,0.029,10.546,0.715,0.716,8.939,7.473,151.48
1994-03-01,132.54,0.545,0.033,13.143,0.792,0.76,7.42,6.115,153.927
1994-04-01,120.392,0.559,0.032,14.407,0.766,0.575,7.025,5.891,142.622
1994-05-01,126.496,0.625,0.033,15.25,0.792,0.476,6.362,5.261,148.932
1994-06-01,146.639,1.005,0.032,22.498,0.766,0.579,9.097,7.513,179.032
1994-07-01,153.375,0.822,0.033,25.59,0.792,0.622,8.594,7.15,188.384
1994-08-01,151.757,0.548,0.033,26.995,0.792,0.533,5.653,4.572,185.229
1994-09-01,133.235,0.467,0.032,20.897,0.766,0.505,4.708,3.735,159.637
1994-10-01,129.229,0.435,0.033,18.636,0.792,0.503,4.311,3.373,153.001
1994-11-01,124.074,0.463,0.032,16.33,0.766,0.479,4.212,3.27,145.415
1994-12-01,136.675,0.563,0.033,14.683,0.792,0.462,4.599,3.574,156.78
1995-01-01,143.097,0.536,0.028,14.188,0.85,0.686,4.29,3.067,162.453
1995-02-01,127.774,0.668,0.025,12.021,0.768,0.665,6.719,5.386,147.307
1995-03-01,127.348,0.46,0.028,17.507,0.85,0.56,3.222,2.202,148.955
1995-04-01,118.414,0.466,0.027,16.36,0.823,0.387,3.26,2.407,138.883
1995-05-01,125.516,0.575,0.028,18.398,0.85,0.64,4.368,3.153,149.16
1995-06-01,138.913,0.606,0.027,21.198,0.823,0.737,4.568,3.225,165.528
1995-07-01,159.638,0.953,0.028,29.035,0.85,0.615,6.98,5.412,196.531
1995-08-01,167.717,1.448,0.028,33.423,0.85,0.863,8.206,5.895,210.223
1995-09-01,137.474,0.458,0.027,22.566,0.823,0.709,4.754,3.587,165.644
1995-10-01,132.871,0.473,0.028,17.101,0.85,0.798,3.716,2.445,154.565
1995-11-01,134.591,0.533,0.027,14.126,0.823,0.898,3.91,2.478,153.476
1995-12-01,147.39,0.721,0.028,12.313,0.85,0.669,6.728,5.338,167.31
1996-01-01,153.915,0.931,0.03,12.634,0.841,0.734,7.526,5.862,174.947
1996-02-01,138.446,1.19,0.028,10.245,0.787,0.566,7.847,6.091,157.353
1996-03-01,138.362,0.754,0.03,11.708,0.841,0.462,5.728,4.511,156.669
1996-04-01,124.885,0.474,0.029,12.714,0.814,0.522,3.227,2.232,141.669
1996-05-01,135.014,0.641,0.03,19.835,0.841,0.583,3.924,2.7,159.645
1996-06-01,147.23,0.513,0.029,22.45,0.814,0.578,5.382,4.291,175.905
1996-07-01,160.939,0.626,0.03,26.808,0.841,0.852,7.357,5.879,195.976
1996-08-01,162.998,0.532,0.03,27.526,0.841,1.022,6.193,4.64,197.588
1996-09-01,144.095,0.565,0.029,21.35,0.814,0.848,4.917,3.504,171.205
1996-10-01,143.399,0.509,0.03,16.968,0.841,0.698,3.524,2.317,164.762
1996-11-01,147.318,0.527,0.029,12.734,0.814,0.609,4.247,3.11,165.142
1996-12-01,155.809,0.735,0.03,9.932,0.841,0.652,5.764,4.377,172.376
1997-01-01,162.245,0.911,0.032,10.256,0.877,0.414,7.44,6.115,180.85
1997-02-01,135.873,0.459,0.029,10.564,0.792,0.41,4.086,3.216,151.344
1997-03-01,138.495,0.454,0.032,13.984,0.877,0.256,3.808,3.097,157.196
1997-04-01,130.325,0.565,0.031,14.261,0.849,0.761,3.949,2.622,149.415
1997-05-01,136.525,0.516,0.032,17.055,0.877,0.998,4.649,3.135,159.138
1997-06-01,147.624,0.745,0.031,21.941,0.849,1.069,6.784,4.97,177.229
1997-07-01,169.108,1.389,0.032,31.656,0.877,1.065,8.855,6.4,210.528
1997-08-01,164.925,0.732,0.032,28.824,0.877,1.185,7.45,5.533,202.108
1997-09-01,152.353,0.562,0.031,24.544,0.849,1.195,7.391,5.634,185.167
1997-10-01,152.153,0.596,0.032,18.012,0.877,1.038,6.875,5.241,177.949
1997-11-01,146.425,0.562,0.031,13.245,0.849,1.002,6.502,4.939,167.052
1997-12-01,160.993,0.592,0.032,14.528,0.877,0.978,6.978,5.408,183.408
1998-01-01,159.602,0.478,0.032,13.039,0.863,1.112,6.339,4.749,179.875
1998-02-01,138.682,0.374,0.029,10.192,0.78,0.873,5.56,4.312,155.243
1998-03-01,144.143,0.547,0.032,14.795,0.863,0.893,8.134,6.695,167.968
1998-04-01,133.418,0.447,0.031,14.479,0.835,1.007,6.559,5.105,155.322
1998-05-01,146.249,0.92,0.032,22.102,0.863,1.043,9.004,7.041,178.251
1998-06-01,158.591,1.432,0.031,28.844,0.835,1.19,11.474,8.853,199.776
1998-07-01,174.995,1.551,0.032,34.204,0.863,1.254,12.95,10.145,223.044
1998-08-01,174.745,1.435,0.032,34.788,0.863,1.175,12.491,9.882,222.919
1998-09-01,156.709,1.201,0.031,29.001,0.835,1.109,10.015,7.704,196.591
1998-10-01,147.334,0.452,0.032,18.717,0.863,1.027,7.079,5.599,174.025
1998-11-01,139.397,0.459,0.031,13.503,0.835,1.008,7.066,5.6,160.832
1998-12-01,154.318,0.621,0.032,14.352,0.863,0.927,8.36,6.813,177.925
1999-01-01,161.387,1.117,0.032,14.844,0.872,0.931,10.467,8.419,187.602
1999-02-01,138.081,0.421,0.029,12.626,0.788,0.769,8.364,7.174,159.889
1999-03-01,145.169,0.515,0.032,17.173,0.872,0.981,8.995,7.499,172.242
1999-04-01,137.504,0.788,0.031,21.273,0.844,0.881,7.76,6.091,167.411
1999-05-01,144.891,0.6,0.032,22.68,0.872,0.989,8.003,6.414,176.479
1999-06-01,157.377,0.985,0.031,26.964,0.844,0.993,9.103,7.126,194.32
1999-07-01,179.42,2.281,0.032,36.347,0.872,1.205,13.062,9.576,229.734
1999-08-01,173.707,1.408,0.032,36.139,0.872,1.331,10.952,8.213,221.702
1999-09-01,154.874,0.594,0.031,23.362,0.844,0.824,6.839,5.421,185.95
1999-10-01,147.523,0.484,0.032,19.917,0.872,0.829,5.745,4.433,174.089
1999-11-01,142.095,0.549,0.031,14.218,0.844,0.772,4.098,2.777,161.286
1999-12-01,154.387,0.499,0.032,14.514,0.872,0.983,3.883,2.401,173.688
2000-01-01,172.903,0.992,0.031,17.571,0.859,1.439,6.798,4.366,198.161
2000-02-01,155.75,0.599,0.029,15.405,0.804,1.174,4.65,2.878,176.637
2000-03-01,152.347,0.512,0.031,19.158,0.859,0.777,4.009,2.72,176.405
2000-04-01,137.295,0.462,0.03,19.809,0.831,0.795,4.233,2.976,162.198
2000-05-01,151.232,1.078,0.031,28.502,0.859,0.724,7.286,5.484,187.91
2000-06-01,165.771,0.931,0.03,28.36,0.831,0.88,9.235,7.424,204.228
2000-07-01,172.816,1.098,0.031,34.422,0.859,0.519,8.519,6.902,216.648
2000-08-01,179.476,1.233,0.031,37.859,0.859,1.011,10.807,8.563,229.031
2000-09-01,158.627,0.833,0.03,26.159,0.831,0.775,9.246,7.638,194.893
2000-10-01,156.631,0.574,0.031,19.687,0.859,0.61,6.979,5.795,184.188
2000-11-01,155.015,0.725,0.03,16.636,0.831,0.659,6.196,4.812,178.708
2000-12-01,169.514,3.74,0.031,17.25,0.859,0.709,13.508,9.059,201.162
2001-01-01,171.379,3.387,0.03,18.459,0.925,0.912,14.96,10.662,205.754
2001-02-01,146.187,1.128,0.027,16.972,0.836,0.827,8.438,6.484,172.46
2001-03-01,151.068,1.241,0.03,19.676,0.925,0.813,9.516,7.461,181.215
2001-04-01,136.46,1.099,0.029,20.849,0.896,0.655,8.946,7.192,167.18
2001-05-01,148.784,0.914,0.03,23.515,0.925,0.748,8.438,6.775,181.693
2001-06-01,159.457,0.776,0.029,26.712,0.896,0.843,9.813,8.194,196.906
2001-07-01,176.898,0.741,0.03,34.358,0.925,0.993,8.964,7.229,221.175
2001-08-01,180.673,1.106,0.03,37.225,0.925,1.035,11.769,9.628,230.623
2001-09-01,153.202,0.517,0.029,27.639,0.896,0.95,5.987,4.52,187.753
2001-10-01,146.64,0.568,0.03,25.251,0.925,0.915,5.194,3.71,178.04
2001-11-01,142.367,0.447,0.029,18.988,0.896,0.806,4.777,3.525,167.057
2001-12-01,156.713,0.537,0.03,19.894,0.925,1.044,5.218,3.637,182.78
2002-01-01,159.356,0.783,0.032,20.588,1.083,1.356,5.543,3.404,186.602
2002-02-01,139.482,0.484,0.029,18.58,0.978,1.412,4.763,2.868,163.832
2002-03-01,146.594,0.778,0.032,21.932,1.083,1.496,6.867,4.593,176.506
2002-04-01,138.353,0.741,0.031,21.825,1.048,1.426,6.47,4.303,167.726
2002-05-01,147.956,0.859,0.032,22.122,1.083,1.61,6.764,4.295,177.956
2002-06-01,161.561,0.723,0.031,29.722,1.048,1.734,6.789,4.333,199.152
2002-07-01,179.351,1.112,0.032,39.565,1.083,1.536,8.315,5.666,228.346
2002-08-01,177.391,1.034,0.032,38.694,1.083,1.727,8.363,5.601,225.562
2002-09-01,162.681,0.698,0.031,30.667,1.048,1.572,6.744,4.474,201.171
2002-10-01,156.051,0.818,0.032,23.843,1.083,1.323,6.644,4.504,187.652
2002-11-01,153.318,0.572,0.031,18.961,1.048,1.268,5.153,3.313,178.51
2002-12-01,167.785,0.711,0.032,19.432,1.083,1.427,6.689,4.551,195.02
2003-01-01,175.518,1.911,0.031,20.748,0.972,1.179,10.057,6.967,207.326
2003-02-01,152.63,1.632,0.028,18.157,0.878,1.087,8.691,5.973,180.384
2003-03-01,150.919,1.218,0.031,19.593,0.972,0.909,8.225,6.098,179.74
2003-04-01,138.322,0.655,0.03,19.097,0.941,1.352,7.245,5.238,165.635
2003-05-01,147.491,1.053,0.031,21.338,0.972,1.28,6.555,4.223,176.387
2003-06-01,160.056,1.204,0.03,23.597,0.941,1.535,8.976,6.236,193.6
2003-07-01,178.656,1.005,0.031,34.14,0.972,1.768,10.057,7.284,223.856
2003-08-01,181.673,0.867,0.031,37.02,0.972,1.755,10.386,7.764,230.083
2003-09-01,161.942,0.511,0.03,25.382,0.941,1.704,7.261,5.045,195.555
2003-10-01,155.337,0.52,0.031,22.15,0.972,1.741,7.045,4.783,185.535
2003-11-01,156.001,0.473,0.03,18.858,0.941,1.754,5.507,3.281,181.338
2003-12-01,172.427,0.712,0.031,18.205,0.972,1.773,8.096,5.61,199.731
2004-01-01,175.35,1.77,0.032,19.642,0.946,1.999,12.071,8.302,208.041
2004-02-01,157.548,0.601,0.03,20.297,0.885,1.718,7.604,5.285,186.364
2004-03-01,149.42,0.538,0.032,20.383,0.946,1.733,7.88,5.61,178.662
2004-04-01,138.155,0.464,0.031,21.145,0.915,1.723,7.415,5.228,167.661
2004-05-01,153.824,0.698,0.032,26.324,0.946,1.82,8.521,6.003,189.647
2004-06-01,164.022,0.656,0.031,27.659,0.915,1.714,8.926,6.556,201.553
2004-07-01,178.541,0.596,0.032,34.073,0.946,1.806,9.955,7.553,223.546
2004-08-01,175.913,0.562,0.032,33.264,0.946,1.987,9.297,6.748,219.452
2004-09-01,163.182,0.658,0.031,28.737,0.915,1.691,7.191,4.842,200.057
2004-10-01,155.596,0.442,0.032,23.87,0.946,1.846,6.381,4.094,186.825
2004-11-01,156.598,0.389,0.031,20.425,0.915,1.649,5.638,3.6,183.607
2004-12-01,174.92,0.758,0.032,21.02,0.946,1.844,8.044,5.442,204.962
2005-01-01,175.514,1.242,0.032,20.948,0.955,2.006,9.719,6.471,207.168
2005-02-01,153.555,0.369,0.029,17.984,0.863,1.855,6.018,3.794,178.449
2005-03-01,159.857,0.431,0.032,21.007,0.955,1.947,6.827,4.45,188.68
2005-04-01,140.548,0.438,0.031,21.223,0.924,1.779,5.757,3.541,168.484
2005-05-01,151.645,0.47,0.032,23.001,0.955,2.009,5.679,3.2,181.312
2005-06-01,171.133,0.602,0.031,32.282,0.924,2.13,9.09,6.358,213.461
2005-07-01,184.087,0.92,0.032,42.233,0.955,2.092,10.803,7.792,238.11
2005-08-01,186.022,1.04,0.032,43.005,0.955,2.21,12.079,8.83,242.093
2005-09-01,169.222,0.796,0.031,31.368,0.924,1.92,10.214,7.498,211.759
2005-10-01,160.682,0.599,0.032,23.6,0.955,1.921,8.444,5.923,193.713
2005-11-01,155.899,0.436,0.031,20.288,0.924,1.735,5.731,3.559,182.873
2005-12-01,175.664,1.032,0.032,22.096,0.955,2.0,10.678,7.646,209.425
2006-01-01,166.165,0.444,0.032,17.316,0.979,2.0,5.134,2.69,189.627
2006-02-01,154.226,0.396,0.029,18.825,0.884,1.774,4.242,2.073,178.207
2006-03-01,156.997,0.315,0.032,22.129,0.979,1.681,3.393,1.397,183.53
2006-04-01,138.082,0.418,0.031,23.163,0.948,1.709,3.872,1.745,166.094
2006-05-01,153.221,0.42,0.032,27.433,0.979,1.591,3.709,1.698,185.373
2006-06-01,166.169,0.48,0.031,34.204,0.948,1.78,4.907,2.647,206.259
2006-07-01,184.807,0.608,0.032,46.941,0.979,1.966,6.023,3.45,238.782
2006-08-01,186.844,0.691,0.032,45.669,0.979,1.852,7.083,4.54,240.607
2006-09-01,160.475,0.341,0.031,29.784,0.948,1.67,3.986,1.975,195.223
2006-10-01,159.328,0.404,0.032,28.661,0.979,1.693,4.311,2.214,193.312
2006-11-01,156.604,0.403,0.031,21.556,0.948,1.485,4.015,2.127,183.154
2006-12-01,170.779,0.45,0.032,22.528,0.979,1.534,3.837,1.853,198.154
2007-01-01,174.337,0.596,0.032,24.354,0.959,1.633,5.019,2.79,204.701
2007-02-01,159.772,1.057,0.029,23.131,0.866,1.291,7.052,4.704,190.851
2007-03-01,155.545,0.523,0.032,22.6,0.959,1.307,4.388,2.558,183.523
2007-04-01,144.038,0.407,0.031,24.617,0.928,1.276,4.129,2.445,173.742
2007-05-01,154.284,0.423,0.032,27.554,0.959,1.385,4.001,2.192,186.83
2007-06-01,170.559,0.512,0.031,34.118,0.928,1.598,4.85,2.74,210.487
2007-07-01,183.582,0.498,0.032,41.3,0.959,1.42,4.659,2.742,230.533
2007-08-01,188.407,0.713,0.032,52.659,0.959,1.475,5.937,3.75,247.995
2007-09-01,167.18,0.404,0.031,37.094,0.928,1.374,4.168,2.389,209.401
2007-10-01,159.36,0.468,0.032,32.8,0.959,1.229,3.953,2.256,197.103
2007-11-01,156.666,0.393,0.031,24.335,0.928,1.162,2.626,1.072,184.587
2007-12-01,173.557,0.493,0.032,27.056,0.959,1.45,3.557,1.615,205.161
2008-01-01,177.865,0.675,0.032,28.901,0.984,1.418,3.709,1.616,211.491
2008-02-01,163.114,0.5,0.03,23.864,0.92,1.311,3.113,1.302,191.043
2008-03-01,156.693,0.391,0.032,25.045,0.984,1.093,2.634,1.151,185.387
2008-04-01,144.524,0.391,0.031,25.512,0.952,1.193,2.889,1.305,173.908
2008-05-01,152.626,0.392,0.032,25.814,0.984,1.125,2.913,1.396,182.369
2008-06-01,168.239,0.566,0.031,36.133,0.952,1.378,4.285,2.341,209.64
2008-07-01,184.592,0.417,0.032,42.466,0.984,1.238,3.582,1.927,231.656
2008-08-01,179.993,0.369,0.032,41.429,0.984,1.299,3.289,1.621,225.728
2008-09-01,160.76,0.366,0.031,32.722,0.952,1.228,3.542,1.948,198.008
2008-10-01,150.605,0.323,0.032,29.609,0.984,1.296,2.793,1.173,184.022
2008-11-01,152.302,0.353,0.031,24.86,0.952,1.182,2.846,1.311,180.99
2008-12-01,168.073,0.561,0.032,25.897,0.984,1.188,3.603,1.854,198.589
2009-01-01,169.01,0.788,0.033,26.449,0.955,1.196,4.944,2.96,201.391
2009-02-01,138.457,0.468,0.03,24.603,0.863,1.091,2.74,1.181,166.692
2009-03-01,134.157,0.519,0.033,27.097,0.955,1.356,2.877,1.002,165.118
2009-04-01,125.161,0.328,0.032,24.465,0.924,1.208,2.383,0.847,152.964
2009-05-01,131.317,0.417,0.033,27.918,0.955,1.219,2.742,1.105,162.964
2009-06-01,147.22,0.396,0.032,34.82,0.924,1.22,2.777,1.161,185.772
2009-07-01,157.083,0.367,0.033,42.156,0.955,1.266,2.9,1.267,203.127
2009-08-01,161.543,0.393,0.033,45.538,0.955,1.225,3.115,1.497,211.183
2009-09-01,137.175,0.3,0.032,37.387,0.924,1.216,2.449,0.934,177.967
2009-10-01,138.952,0.344,0.033,29.099,0.955,0.748,2.143,1.052,171.182
2009-11-01,136.236,0.337,0.032,24.776,0.924,0.737,1.698,0.624,163.666
2009-12-01,164.564,0.433,0.033,28.204,0.955,0.982,2.044,0.629,195.8
2010-01-01,169.541,1.039,0.033,29.537,0.935,1.207,3.677,1.43,203.722
2010-02-01,149.732,0.36,0.03,25.952,0.845,1.136,2.021,0.525,178.58
2010-03-01,142.659,0.321,0.033,24.705,0.935,1.246,2.189,0.622,170.522
2010-04-01,125.288,0.296,0.032,25.479,0.905,1.078,1.975,0.601,153.679
2010-05-01,141.697,0.432,0.033,30.234,0.935,1.167,2.618,1.018,175.517
2010-06-01,163.128,0.517,0.032,38.131,0.905,1.375,3.45,1.559,205.646
2010-07-01,177.165,0.553,0.033,48.489,0.935,1.47,3.872,1.848,230.494
2010-08-01,176.655,0.451,0.033,50.968,0.935,1.15,3.112,1.511,231.704
2010-09-01,148.406,0.373,0.032,37.642,0.905,1.087,2.375,0.914,189.36
2010-10-01,132.129,0.326,0.033,30.811,0.935,1.009,1.911,0.575,165.819
2010-11-01,135.919,0.376,0.032,26.843,0.905,0.88,1.769,0.513,165.468
2010-12-01,165.3,0.784,0.033,30.528,0.935,1.143,2.948,1.021,199.744
2011-01-01,166.309,0.559,0.034,29.188,0.962,1.546,2.969,0.865,199.462
2011-02-01,135.738,0.385,0.03,26.152,0.869,1.219,2.111,0.507,164.9
2011-03-01,133.862,0.374,0.034,26.043,0.962,1.477,2.423,0.571,163.323
2011-04-01,123.65,0.419,0.032,28.164,0.931,0.939,2.043,0.686,154.82
2011-05-01,135.488,0.405,0.034,30.881,0.962,1.004,2.045,0.637,169.41
2011-06-01,155.016,0.403,0.032,37.765,0.931,1.223,2.271,0.646,196.015
2011-07-01,173.728,0.473,0.034,50.694,0.962,1.464,2.734,0.797,228.152
2011-08-01,169.987,0.345,0.034,49.767,0.962,1.316,2.343,0.681,223.092
2011-09-01,141.456,0.302,0.032,36.941,0.931,1.281,2.08,0.496,181.441
2011-10-01,128.32,0.309,0.034,31.04,0.962,0.933,1.731,0.49,162.087
2011-11-01,123.628,0.316,0.032,29.308,0.931,0.703,1.498,0.479,155.398
2011-12-01,135.527,0.368,0.034,33.18,0.962,1.021,1.867,0.478,171.569
2012-01-01,129.542,0.352,0.034,35.11,0.969,1.169,2.045,0.524,167.699
2012-02-01,115.247,0.282,0.032,34.877,0.906,0.927,1.604,0.394,152.665
2012-03-01,105.084,0.258,0.034,36.456,0.969,0.521,1.224,0.445,143.766
2012-04-01,94.674,0.29,0.033,38.626,0.937,0.484,1.191,0.416,135.462
2012-05-01,114.96,0.369,0.034,43.922,0.969,0.617,1.423,0.438,161.308
2012-06-01,131.167,0.362,0.033,47.572,0.937,0.666,1.703,0.676,181.412
2012-07-01,158.331,0.393,0.034,58.49,0.969,0.74,1.938,0.804,219.762
2012-08-01,151.36,0.308,0.034,54.282,0.969,0.779,1.671,0.584,208.316
2012-09-01,127.184,0.269,0.033,43.384,0.937,0.731,1.438,0.438,172.976
2012-10-01,121.741,0.289,0.034,36.176,0.969,0.667,1.428,0.471,160.346
2012-11-01,127.974,0.309,0.033,31.355,0.937,0.695,1.425,0.421,161.725
2012-12-01,133.974,0.354,0.034,32.434,0.969,0.689,1.478,0.435,168.888
2013-01-01,137.055,0.459,0.034,34.294,0.941,0.961,2.182,0.763,174.506
2013-02-01,122.562,0.305,0.031,30.857,0.85,0.844,1.655,0.506,155.955
2013-03-01,128.606,0.291,0.034,32.778,0.941,0.912,1.64,0.437,163.999
2013-04-01,110.959,0.3,0.033,30.64,0.91,0.841,1.585,0.443,144.127
2013-05-01,118.029,0.353,0.034,33.337,0.941,1.194,1.984,0.437,154.325
2013-06-01,137.026,0.295,0.033,39.974,0.91,1.214,1.975,0.467,179.919
2013-07-01,151.952,0.446,0.034,49.416,0.941,1.219,2.343,0.677,204.685
2013-08-01,149.701,0.28,0.034,48.842,0.941,1.266,2.05,0.504,201.568
2013-09-01,132.785,0.272,0.033,40.751,0.91,1.146,1.852,0.434,176.332
2013-10-01,121.075,0.275,0.034,34.547,0.941,1.058,1.765,0.432,158.363
2013-11-01,120.445,0.325,0.033,32.614,0.91,0.833,1.555,0.396,155.558
2013-12-01,141.155,0.452,0.034,36.308,0.941,1.023,2.063,0.588,180.501
2014-01-01,153.85,2.085,0.035,36.133,0.945,1.204,5.411,2.123,196.375
2014-02-01,140.102,0.565,0.032,30.036,0.854,0.989,2.323,0.769,173.347
2014-03-01,132.664,0.611,0.035,30.554,0.945,1.16,2.648,0.877,166.847
2014-04-01,106.751,0.276,0.034,29.885,0.915,0.805,1.5,0.419,139.085
2014-05-01,117.672,0.347,0.035,35.211,0.945,1.083,1.799,0.369,155.662
2014-06-01,136.577,0.287,0.034,39.228,0.915,1.125,1.809,0.397,178.563
2014-07-01,149.776,0.277,0.035,45.901,0.945,1.042,1.799,0.48,198.458
2014-08-01,148.995,0.297,0.035,48.871,0.945,1.045,1.841,0.5,200.688
2014-09-01,126.983,0.296,0.034,41.961,0.915,1.027,1.734,0.411,171.627
2014-10-01,112.3,0.275,0.035,38.286,0.945,0.615,1.288,0.398,152.855
2014-11-01,118.837,0.346,0.034,32.703,0.915,0.79,1.519,0.383,154.008
2014-12-01,124.629,0.348,0.035,34.8,0.945,1.181,1.902,0.372,162.311
2015-01-01,130.232,0.556,0.035,39.155,0.945,1.108,2.541,0.877,172.91
2015-02-01,122.417,1.595,0.032,35.668,0.854,1.161,4.823,2.067,163.794
2015-03-01,106.412,0.354,0.035,38.872,0.945,0.772,1.548,0.423,147.814
2015-04-01,88.646,0.263,0.034,36.61,0.915,0.822,1.503,0.417,127.708
2015-05-01,104.498,0.353,0.035,40.44,0.945,0.964,1.707,0.39,147.627
2015-06-01,126.28,0.334,0.034,48.92,0.915,0.872,1.65,0.445,177.799
2015-07-01,140.283,0.323,0.035,57.712,0.945,1.174,2.084,0.588,201.06
2015-08-01,135.156,0.302,0.035,56.662,0.945,1.106,1.936,0.529,194.735
2015-09-01,118.653,0.276,0.034,49.384,0.915,1.062,1.804,0.465,170.79
2015-10-01,98.469,0.266,0.035,43.68,0.945,0.868,1.563,0.428,144.693
2015-11-01,90.263,0.338,0.034,40.394,0.915,0.727,1.525,0.461,133.131
2015-12-01,91.658,0.337,0.035,42.27,0.945,0.78,1.513,0.396,136.421
2016-01-01,113.495,0.502,0.035,42.566,0.943,0.96,1.991,0.528,159.03
2016-02-01,92.416,0.353,0.033,37.918,0.882,0.937,1.857,0.567,133.106
2016-03-01,72.84,0.279,0.035,40.525,0.943,1.041,1.654,0.334,115.997
2016-04-01,71.41,0.259,0.034,39.763,0.912,1.096,1.695,0.34,113.815
2016-05-01,82.51,0.34,0.035,44.21,0.943,1.035,1.743,0.368,129.44
2016-06-01,115.772,0.293,0.034,53.567,0.912,1.075,1.789,0.42,172.074
2016-07-01,135.958,0.342,0.035,62.881,0.943,1.137,2.141,0.662,201.958
